Filename,Size (bytes),Creation Date
00_LU_ANCRDT_agencies_v1_0_10.xml,1347,2025-12-11 10:43:17
00_LU_ANCRDT_agencies_v1_0_7.xml,1342,2025-12-11 10:43:24
00_LU_ANCRDT_agencies_v1_0_8.xml,1347,2025-12-11 10:43:21
00_LU_ANCRDT_agencies_v1_0_9.xml,1347,2025-12-11 10:43:19
01_LU_ANCRDT_full_v1_0_10.xml,1947421,2025-12-11 10:43:17
01_LU_ANCRDT_full_v1_0_7.xml,1849836,2025-12-11 10:43:24
01_LU_ANCRDT_full_v1_0_8.xml,1915582,2025-12-11 10:43:21
01_LU_ANCRDT_full_v1_0_9.xml,1939535,2025-12-11 10:43:19
AnaCredit - Technical specifications - v1.0.10.pdf,564426,2025-12-11 10:43:17
AnaCredit - Technical specifications - v1.0.10_track_changes.pdf,581610,2025-12-11 10:43:17
AnaCredit - Technical specifications - v1.0.11.pdf,564618,2025-12-11 10:43:15
AnaCredit - Technical specifications - v1.0.11_track_changes.pdf,580646,2025-12-11 10:43:15
AnaCredit - Technical specifications - v1.0.12.pdf,684837,2025-12-11 10:43:11
AnaCredit - Technical specifications - v1.0.12_track_changes.pdf,811331,2025-12-11 10:43:11
AnaCredit - Technical specifications - v1.0.13.pdf,349602,2025-12-11 10:43:09
AnaCredit - Technical specifications - v1.0.13_track_changes.pdf,355379,2025-12-11 10:43:09
AnaCredit - Technical specifications - v1.0.7.pdf,564524,2025-12-11 10:43:24
AnaCredit - Technical specifications - v1.0.7_track_changes.pdf,580351,2025-12-11 10:43:24
AnaCredit - Technical specifications - v1.0.8.pdf,565230,2025-12-11 10:43:21
AnaCredit - Technical specifications - v1.0.8_track_changes.pdf,581232,2025-12-11 10:43:21
AnaCredit - Technical specifications - v1.0.9.pdf,565241,2025-12-11 10:43:19
AnaCredit - Technical specifications - v1.0.9_track_changes.pdf,581682,2025-12-11 10:43:19
AnaCredit_instructions_EN.pdf,624491,2025-12-11 10:43:02
AnaCredit_instructions_EN_Revision_marks.pdf,644761,2025-12-11 10:43:02
AnaCredit_list_reporting_Member_States_EN.pdf,37602,2025-12-11 10:43:02
AnaCredit_list_reporting_member_states_EN_Revision_marks.pdf,38002,2025-12-11 10:43:02
AnaCredit_methodology_comparison_BSI_MIR_2023_12_EN.pdf,1195163,2025-12-11 10:43:07
AnaCredit_methodology_comparison_BSI_MIR_2023_12_EN_Rm.pdf,1498505,2025-12-11 10:43:07
AnaCredit_methodology_comparison_report_FINREP_2023_12_EN.pdf,861927,2025-12-11 10:43:04
AnaCredit_methodology_comparison_report_FINREP_2023_12_EN_RM.pdf,886231,2025-12-11 10:43:05
AnaCredit_methodology_comparison_report_FINREP_EN.pdf,839149,2025-12-11 10:43:03
AnaCredit_methodology_comparison_report_FINREP_EN_Revision_marks.pdf,839599,2025-12-11 10:43:04
AnaCredit_methodology_comparison_report_iBSI_iMIR_EN.pdf,1050745,2025-12-11 10:43:05
AnaCredit_methodology_comparison_report_iBSI_iMIR_EN_revision_marks.pdf,1051388,2025-12-11 10:43:06
AnaCredit_methodology_comparison_report_S25L_EN.pdf,631967,2025-12-11 10:43:08
AnaCredit_Technical_specifications_v1_0_10.pdf,564426,2025-12-11 10:43:17
AnaCredit_Technical_specifications_v1_0_10_revision_marks.pdf,581610,2025-12-11 10:43:18
AnaCredit_Technical_specifications_v1_0_11.pdf,564618,2025-12-11 10:43:15
AnaCredit_Technical_specifications_v1_0_11_revision_marks.pdf,580646,2025-12-11 10:43:16
AnaCredit_Technical_specifications_v1_0_12.pdf,684837,2025-12-11 10:43:12
AnaCredit_Technical_specifications_v1_0_12_track_changes.pdf,811331,2025-12-11 10:43:12
AnaCredit_Technical_specifications_v1_0_13.pdf,349602,2025-12-11 10:43:09
AnaCredit_Technical_specifications_v1_0_13_revision_marks.pdf,355379,2025-12-11 10:43:10
AnaCredit_Technical_specifications_v1_0_7.pdf,564524,2025-12-11 10:43:24
AnaCredit_Technical_specifications_v1_0_7_Revision_marks.pdf,580351,2025-12-11 10:43:25
AnaCredit_Technical_specifications_v1_0_8_2023_EN.pdf,565230,2025-12-11 10:43:22
AnaCredit_Technical_specifications_v1_0_8_2023_EN_Revision_marks.pdf,581232,2025-12-11 10:43:22
AnaCredit_Technical_specifications_v1_0_9.pdf,565241,2025-12-11 10:43:19
AnaCredit_Technical_specifications_v1_0_9_Revision_marks.pdf,581682,2025-12-11 10:43:20
ANTREF_202112_LUB05665_20220115-001.xml,3148,2025-12-11 10:43:21
ANTREF_202309_LUB05665_20220115-001.xml,3146,2025-12-11 10:43:17
ANTREF_202503_LUB05665_20250415-001.xml,3149,2025-12-11 10:43:15
ANTREF_202508_LUB05665_BCL001.xml,3143,2025-12-11 10:43:11
ANTREF_202601_LUB05665_BCL001.xml,2879,2025-12-11 10:43:09
ANTT1M_202112_LUB05665_LUB05665_20220115-001.xml,3825,2025-12-11 10:43:21
ANTT1M_202309_LUB05665_LUB05665_20220115-001.xml,3825,2025-12-11 10:43:17
ANTT1M_202503_LUB05665_LUB05665_20250415-001.xml,3826,2025-12-11 10:43:15
ANTT1M_202508_LUB05665_LUB05665_BCL001.xml,3820,2025-12-11 10:43:11
ANTT1M_202601_LUB05665_LUB05665_BCL001.xml,3940,2025-12-11 10:43:09
ANTT2Q_202603_LUB05665_LUB05665_BCL001.xml,3006,2025-12-11 10:43:09
BCL_ANCRDT_T1M_v1_0_10.html,1348771,2025-12-11 10:43:17
BCL_ANCRDT_T1M_v1_0_10.xsd,35594,2025-12-11 10:43:17
BCL_ANCRDT_T1M_v1_0_10_p1.png,33355,2025-12-11 10:43:17
BCL_ANCRDT_T1M_v1_0_10_p10.png,31747,2025-12-11 10:43:17
BCL_ANCRDT_T1M_v1_0_10_p11.png,2802,2025-12-11 10:43:17
BCL_ANCRDT_T1M_v1_0_10_p12.png,37804,2025-12-11 10:43:17
BCL_ANCRDT_T1M_v1_0_10_p13.png,31427,2025-12-11 10:43:17
BCL_ANCRDT_T1M_v1_0_10_p14.png,2802,2025-12-11 10:43:17
BCL_ANCRDT_T1M_v1_0_10_p15.png,17361,2025-12-11 10:43:17
BCL_ANCRDT_T1M_v1_0_10_p16.png,19910,2025-12-11 10:43:17
BCL_ANCRDT_T1M_v1_0_10_p17.png,30300,2025-12-11 10:43:17
BCL_ANCRDT_T1M_v1_0_10_p18.png,20859,2025-12-11 10:43:17
BCL_ANCRDT_T1M_v1_0_10_p19.png,42139,2025-12-11 10:43:17
BCL_ANCRDT_T1M_v1_0_10_p2.png,2802,2025-12-11 10:43:17
BCL_ANCRDT_T1M_v1_0_10_p20.png,19923,2025-12-11 10:43:17
BCL_ANCRDT_T1M_v1_0_10_p3.png,16986,2025-12-11 10:43:17
BCL_ANCRDT_T1M_v1_0_10_p4.png,30439,2025-12-11 10:43:17
BCL_ANCRDT_T1M_v1_0_10_p5.png,2802,2025-12-11 10:43:17
BCL_ANCRDT_T1M_v1_0_10_p6.png,27244,2025-12-11 10:43:17
BCL_ANCRDT_T1M_v1_0_10_p7.png,30523,2025-12-11 10:43:17
BCL_ANCRDT_T1M_v1_0_10_p8.png,2802,2025-12-11 10:43:17
BCL_ANCRDT_T1M_v1_0_10_p9.png,18654,2025-12-11 10:43:17
BCL_ANCRDT_T1M_v1_0_11.html,1348771,2025-12-11 10:43:15
BCL_ANCRDT_T1M_v1_0_11.xsd,35594,2025-12-11 10:43:15
BCL_ANCRDT_T1M_v1_0_11_p1.png,33360,2025-12-11 10:43:15
BCL_ANCRDT_T1M_v1_0_11_p10.png,31752,2025-12-11 10:43:15
BCL_ANCRDT_T1M_v1_0_11_p11.png,2853,2025-12-11 10:43:15
BCL_ANCRDT_T1M_v1_0_11_p12.png,38034,2025-12-11 10:43:15
BCL_ANCRDT_T1M_v1_0_11_p13.png,31571,2025-12-11 10:43:15
BCL_ANCRDT_T1M_v1_0_11_p14.png,2853,2025-12-11 10:43:15
BCL_ANCRDT_T1M_v1_0_11_p15.png,17349,2025-12-11 10:43:15
BCL_ANCRDT_T1M_v1_0_11_p16.png,19575,2025-12-11 10:43:15
BCL_ANCRDT_T1M_v1_0_11_p17.png,30267,2025-12-11 10:43:15
BCL_ANCRDT_T1M_v1_0_11_p18.png,20881,2025-12-11 10:43:15
BCL_ANCRDT_T1M_v1_0_11_p19.png,42112,2025-12-11 10:43:15
BCL_ANCRDT_T1M_v1_0_11_p2.png,2853,2025-12-11 10:43:15
BCL_ANCRDT_T1M_v1_0_11_p20.png,19960,2025-12-11 10:43:15
BCL_ANCRDT_T1M_v1_0_11_p3.png,16687,2025-12-11 10:43:15
BCL_ANCRDT_T1M_v1_0_11_p4.png,30446,2025-12-11 10:43:15
BCL_ANCRDT_T1M_v1_0_11_p5.png,2853,2025-12-11 10:43:15
BCL_ANCRDT_T1M_v1_0_11_p6.png,27192,2025-12-11 10:43:15
BCL_ANCRDT_T1M_v1_0_11_p7.png,30531,2025-12-11 10:43:15
BCL_ANCRDT_T1M_v1_0_11_p8.png,2853,2025-12-11 10:43:15
BCL_ANCRDT_T1M_v1_0_11_p9.png,18674,2025-12-11 10:43:15
BCL_ANCRDT_T1M_v1_0_12.html,1348771,2025-12-11 10:43:11
BCL_ANCRDT_T1M_v1_0_12.xsd,35594,2025-12-11 10:43:11
BCL_ANCRDT_T1M_v1_0_12_p1.png,33360,2025-12-11 10:43:11
BCL_ANCRDT_T1M_v1_0_12_p10.png,31752,2025-12-11 10:43:11
BCL_ANCRDT_T1M_v1_0_12_p11.png,2853,2025-12-11 10:43:11
BCL_ANCRDT_T1M_v1_0_12_p12.png,38034,2025-12-11 10:43:11
BCL_ANCRDT_T1M_v1_0_12_p13.png,31571,2025-12-11 10:43:11
BCL_ANCRDT_T1M_v1_0_12_p14.png,2853,2025-12-11 10:43:11
BCL_ANCRDT_T1M_v1_0_12_p15.png,17349,2025-12-11 10:43:11
BCL_ANCRDT_T1M_v1_0_12_p16.png,19575,2025-12-11 10:43:11
BCL_ANCRDT_T1M_v1_0_12_p17.png,30267,2025-12-11 10:43:11
BCL_ANCRDT_T1M_v1_0_12_p18.png,20881,2025-12-11 10:43:11
BCL_ANCRDT_T1M_v1_0_12_p19.png,42112,2025-12-11 10:43:11
BCL_ANCRDT_T1M_v1_0_12_p2.png,2853,2025-12-11 10:43:11
BCL_ANCRDT_T1M_v1_0_12_p20.png,19960,2025-12-11 10:43:11
BCL_ANCRDT_T1M_v1_0_12_p3.png,16687,2025-12-11 10:43:11
BCL_ANCRDT_T1M_v1_0_12_p4.png,30446,2025-12-11 10:43:11
BCL_ANCRDT_T1M_v1_0_12_p5.png,2853,2025-12-11 10:43:11
BCL_ANCRDT_T1M_v1_0_12_p6.png,27192,2025-12-11 10:43:11
BCL_ANCRDT_T1M_v1_0_12_p7.png,30531,2025-12-11 10:43:11
BCL_ANCRDT_T1M_v1_0_12_p8.png,2853,2025-12-11 10:43:11
BCL_ANCRDT_T1M_v1_0_12_p9.png,18674,2025-12-11 10:43:11
BCL_ANCRDT_T1M_v1_0_13.html,1350789,2025-12-11 10:43:09
BCL_ANCRDT_T1M_v1_0_13.xsd,35594,2025-12-11 10:43:09
BCL_ANCRDT_T1M_v1_0_13_p1.png,33360,2025-12-11 10:43:09
BCL_ANCRDT_T1M_v1_0_13_p10.png,31752,2025-12-11 10:43:09
BCL_ANCRDT_T1M_v1_0_13_p11.png,2853,2025-12-11 10:43:09
BCL_ANCRDT_T1M_v1_0_13_p12.png,38034,2025-12-11 10:43:09
BCL_ANCRDT_T1M_v1_0_13_p13.png,31571,2025-12-11 10:43:09
BCL_ANCRDT_T1M_v1_0_13_p14.png,2853,2025-12-11 10:43:09
BCL_ANCRDT_T1M_v1_0_13_p15.png,17349,2025-12-11 10:43:09
BCL_ANCRDT_T1M_v1_0_13_p16.png,19575,2025-12-11 10:43:09
BCL_ANCRDT_T1M_v1_0_13_p17.png,30267,2025-12-11 10:43:09
BCL_ANCRDT_T1M_v1_0_13_p18.png,20881,2025-12-11 10:43:09
BCL_ANCRDT_T1M_v1_0_13_p19.png,42112,2025-12-11 10:43:09
BCL_ANCRDT_T1M_v1_0_13_p2.png,2853,2025-12-11 10:43:09
BCL_ANCRDT_T1M_v1_0_13_p20.png,19960,2025-12-11 10:43:09
BCL_ANCRDT_T1M_v1_0_13_p3.png,16687,2025-12-11 10:43:09
BCL_ANCRDT_T1M_v1_0_13_p4.png,30446,2025-12-11 10:43:09
BCL_ANCRDT_T1M_v1_0_13_p5.png,2853,2025-12-11 10:43:09
BCL_ANCRDT_T1M_v1_0_13_p6.png,27192,2025-12-11 10:43:09
BCL_ANCRDT_T1M_v1_0_13_p7.png,30531,2025-12-11 10:43:09
BCL_ANCRDT_T1M_v1_0_13_p8.png,2853,2025-12-11 10:43:09
BCL_ANCRDT_T1M_v1_0_13_p9.png,18674,2025-12-11 10:43:09
BCL_ANCRDT_T1M_v1_0_7.html,1348716,2025-12-11 10:43:24
BCL_ANCRDT_T1M_v1_0_7.xsd,35580,2025-12-11 10:43:24
BCL_ANCRDT_T1M_v1_0_7_p1.png,33355,2025-12-11 10:43:24
BCL_ANCRDT_T1M_v1_0_7_p10.png,31747,2025-12-11 10:43:24
BCL_ANCRDT_T1M_v1_0_7_p11.png,2802,2025-12-11 10:43:24
BCL_ANCRDT_T1M_v1_0_7_p12.png,37804,2025-12-11 10:43:24
BCL_ANCRDT_T1M_v1_0_7_p13.png,31427,2025-12-11 10:43:24
BCL_ANCRDT_T1M_v1_0_7_p14.png,2802,2025-12-11 10:43:24
BCL_ANCRDT_T1M_v1_0_7_p15.png,17361,2025-12-11 10:43:24
BCL_ANCRDT_T1M_v1_0_7_p16.png,19910,2025-12-11 10:43:24
BCL_ANCRDT_T1M_v1_0_7_p17.png,30300,2025-12-11 10:43:24
BCL_ANCRDT_T1M_v1_0_7_p18.png,20859,2025-12-11 10:43:24
BCL_ANCRDT_T1M_v1_0_7_p19.png,42139,2025-12-11 10:43:24
BCL_ANCRDT_T1M_v1_0_7_p2.png,2802,2025-12-11 10:43:24
BCL_ANCRDT_T1M_v1_0_7_p20.png,19923,2025-12-11 10:43:24
BCL_ANCRDT_T1M_v1_0_7_p3.png,16986,2025-12-11 10:43:24
BCL_ANCRDT_T1M_v1_0_7_p4.png,30439,2025-12-11 10:43:24
BCL_ANCRDT_T1M_v1_0_7_p5.png,2802,2025-12-11 10:43:24
BCL_ANCRDT_T1M_v1_0_7_p6.png,27244,2025-12-11 10:43:24
BCL_ANCRDT_T1M_v1_0_7_p7.png,30523,2025-12-11 10:43:24
BCL_ANCRDT_T1M_v1_0_7_p8.png,2802,2025-12-11 10:43:24
BCL_ANCRDT_T1M_v1_0_7_p9.png,18654,2025-12-11 10:43:24
BCL_ANCRDT_T1M_v1_0_8.html,1348716,2025-12-11 10:43:21
BCL_ANCRDT_T1M_v1_0_8.xsd,35580,2025-12-11 10:43:21
BCL_ANCRDT_T1M_v1_0_8_p1.png,33355,2025-12-11 10:43:21
BCL_ANCRDT_T1M_v1_0_8_p10.png,31747,2025-12-11 10:43:21
BCL_ANCRDT_T1M_v1_0_8_p11.png,2802,2025-12-11 10:43:21
BCL_ANCRDT_T1M_v1_0_8_p12.png,37804,2025-12-11 10:43:21
BCL_ANCRDT_T1M_v1_0_8_p13.png,31427,2025-12-11 10:43:21
BCL_ANCRDT_T1M_v1_0_8_p14.png,2802,2025-12-11 10:43:21
BCL_ANCRDT_T1M_v1_0_8_p15.png,17361,2025-12-11 10:43:21
BCL_ANCRDT_T1M_v1_0_8_p16.png,19910,2025-12-11 10:43:21
BCL_ANCRDT_T1M_v1_0_8_p17.png,30300,2025-12-11 10:43:21
BCL_ANCRDT_T1M_v1_0_8_p18.png,20859,2025-12-11 10:43:21
BCL_ANCRDT_T1M_v1_0_8_p19.png,42139,2025-12-11 10:43:21
BCL_ANCRDT_T1M_v1_0_8_p2.png,2802,2025-12-11 10:43:21
BCL_ANCRDT_T1M_v1_0_8_p20.png,19923,2025-12-11 10:43:21
BCL_ANCRDT_T1M_v1_0_8_p3.png,16986,2025-12-11 10:43:21
BCL_ANCRDT_T1M_v1_0_8_p4.png,30439,2025-12-11 10:43:21
BCL_ANCRDT_T1M_v1_0_8_p5.png,2802,2025-12-11 10:43:21
BCL_ANCRDT_T1M_v1_0_8_p6.png,27244,2025-12-11 10:43:21
BCL_ANCRDT_T1M_v1_0_8_p7.png,30523,2025-12-11 10:43:21
BCL_ANCRDT_T1M_v1_0_8_p8.png,2802,2025-12-11 10:43:21
BCL_ANCRDT_T1M_v1_0_8_p9.png,18654,2025-12-11 10:43:21
BCL_ANCRDT_T1M_v1_0_9.html,1348716,2025-12-11 10:43:19
BCL_ANCRDT_T1M_v1_0_9.xsd,35580,2025-12-11 10:43:19
BCL_ANCRDT_T1M_v1_0_9_p1.png,33355,2025-12-11 10:43:19
BCL_ANCRDT_T1M_v1_0_9_p10.png,31747,2025-12-11 10:43:19
BCL_ANCRDT_T1M_v1_0_9_p11.png,2802,2025-12-11 10:43:19
BCL_ANCRDT_T1M_v1_0_9_p12.png,37804,2025-12-11 10:43:19
BCL_ANCRDT_T1M_v1_0_9_p13.png,31427,2025-12-11 10:43:19
BCL_ANCRDT_T1M_v1_0_9_p14.png,2802,2025-12-11 10:43:19
BCL_ANCRDT_T1M_v1_0_9_p15.png,17361,2025-12-11 10:43:19
BCL_ANCRDT_T1M_v1_0_9_p16.png,19910,2025-12-11 10:43:19
BCL_ANCRDT_T1M_v1_0_9_p17.png,30300,2025-12-11 10:43:19
BCL_ANCRDT_T1M_v1_0_9_p18.png,20859,2025-12-11 10:43:19
BCL_ANCRDT_T1M_v1_0_9_p19.png,42139,2025-12-11 10:43:19
BCL_ANCRDT_T1M_v1_0_9_p2.png,2802,2025-12-11 10:43:19
BCL_ANCRDT_T1M_v1_0_9_p20.png,19923,2025-12-11 10:43:19
BCL_ANCRDT_T1M_v1_0_9_p3.png,16986,2025-12-11 10:43:19
BCL_ANCRDT_T1M_v1_0_9_p4.png,30439,2025-12-11 10:43:19
BCL_ANCRDT_T1M_v1_0_9_p5.png,2802,2025-12-11 10:43:19
BCL_ANCRDT_T1M_v1_0_9_p6.png,27244,2025-12-11 10:43:19
BCL_ANCRDT_T1M_v1_0_9_p7.png,30523,2025-12-11 10:43:19
BCL_ANCRDT_T1M_v1_0_9_p8.png,2802,2025-12-11 10:43:19
BCL_ANCRDT_T1M_v1_0_9_p9.png,18654,2025-12-11 10:43:19
BCL_ANCRDT_T1_REF_v1_0_10.html,4530259,2025-12-11 10:43:17
BCL_ANCRDT_T1_REF_v1_0_10.xsd,65345,2025-12-11 10:43:17
BCL_ANCRDT_T1_REF_v1_0_10_p1.png,30533,2025-12-11 10:43:17
BCL_ANCRDT_T1_REF_v1_0_10_p2.png,2802,2025-12-11 10:43:17
BCL_ANCRDT_T1_REF_v1_0_10_p3.png,139789,2025-12-11 10:43:17
BCL_ANCRDT_T1_REF_v1_0_10_p4.png,30741,2025-12-11 10:43:17
BCL_ANCRDT_T1_REF_v1_0_10_p5.png,2802,2025-12-11 10:43:17
BCL_ANCRDT_T1_REF_v1_0_10_p6.png,18141,2025-12-11 10:43:17
BCL_ANCRDT_T1_REF_v1_0_10_p7.png,149412,2025-12-11 10:43:17
BCL_ANCRDT_T1_REF_v1_0_10_p8.png,20857,2025-12-11 10:43:17
BCL_ANCRDT_T1_REF_v1_0_11.html,4692294,2025-12-11 10:43:15
BCL_ANCRDT_T1_REF_v1_0_11.xsd,73541,2025-12-11 10:43:15
BCL_ANCRDT_T1_REF_v1_0_11_p1.png,30540,2025-12-11 10:43:15
BCL_ANCRDT_T1_REF_v1_0_11_p2.png,2853,2025-12-11 10:43:15
BCL_ANCRDT_T1_REF_v1_0_11_p3.png,158050,2025-12-11 10:43:15
BCL_ANCRDT_T1_REF_v1_0_11_p4.png,30757,2025-12-11 10:43:15
BCL_ANCRDT_T1_REF_v1_0_11_p5.png,2853,2025-12-11 10:43:15
BCL_ANCRDT_T1_REF_v1_0_11_p6.png,18137,2025-12-11 10:43:15
BCL_ANCRDT_T1_REF_v1_0_11_p7.png,168083,2025-12-11 10:43:15
BCL_ANCRDT_T1_REF_v1_0_11_p8.png,20860,2025-12-11 10:43:15
BCL_ANCRDT_T1_REF_v1_0_12.html,4712084,2025-12-11 10:43:11
BCL_ANCRDT_T1_REF_v1_0_12.xsd,74115,2025-12-11 10:43:11
BCL_ANCRDT_T1_REF_v1_0_12_p1.png,30540,2025-12-11 10:43:11
BCL_ANCRDT_T1_REF_v1_0_12_p2.png,2853,2025-12-11 10:43:11
BCL_ANCRDT_T1_REF_v1_0_12_p3.png,159271,2025-12-11 10:43:11
BCL_ANCRDT_T1_REF_v1_0_12_p4.png,30757,2025-12-11 10:43:11
BCL_ANCRDT_T1_REF_v1_0_12_p5.png,2853,2025-12-11 10:43:11
BCL_ANCRDT_T1_REF_v1_0_12_p6.png,18137,2025-12-11 10:43:11
BCL_ANCRDT_T1_REF_v1_0_12_p7.png,169338,2025-12-11 10:43:11
BCL_ANCRDT_T1_REF_v1_0_12_p8.png,20860,2025-12-11 10:43:11
BCL_ANCRDT_T1_REF_v1_0_13.html,4749338,2025-12-11 10:43:09
BCL_ANCRDT_T1_REF_v1_0_13.xsd,74107,2025-12-11 10:43:09
BCL_ANCRDT_T1_REF_v1_0_13_p1.png,30540,2025-12-11 10:43:09
BCL_ANCRDT_T1_REF_v1_0_13_p2.png,2853,2025-12-11 10:43:09
BCL_ANCRDT_T1_REF_v1_0_13_p3.png,159415,2025-12-11 10:43:09
BCL_ANCRDT_T1_REF_v1_0_13_p4.png,30757,2025-12-11 10:43:09
BCL_ANCRDT_T1_REF_v1_0_13_p5.png,2853,2025-12-11 10:43:09
BCL_ANCRDT_T1_REF_v1_0_13_p6.png,18137,2025-12-11 10:43:09
BCL_ANCRDT_T1_REF_v1_0_13_p7.png,169576,2025-12-11 10:43:09
BCL_ANCRDT_T1_REF_v1_0_13_p8.png,20860,2025-12-11 10:43:09
BCL_ANCRDT_T1_REF_v1_0_7.html,4115205,2025-12-11 10:43:24
BCL_ANCRDT_T1_REF_v1_0_7.xsd,54951,2025-12-11 10:43:24
BCL_ANCRDT_T1_REF_v1_0_7_p1.png,30533,2025-12-11 10:43:24
BCL_ANCRDT_T1_REF_v1_0_7_p2.png,2802,2025-12-11 10:43:24
BCL_ANCRDT_T1_REF_v1_0_7_p3.png,116806,2025-12-11 10:43:24
BCL_ANCRDT_T1_REF_v1_0_7_p4.png,30741,2025-12-11 10:43:24
BCL_ANCRDT_T1_REF_v1_0_7_p5.png,2802,2025-12-11 10:43:24
BCL_ANCRDT_T1_REF_v1_0_7_p6.png,18141,2025-12-11 10:43:24
BCL_ANCRDT_T1_REF_v1_0_7_p7.png,125232,2025-12-11 10:43:24
BCL_ANCRDT_T1_REF_v1_0_7_p8.png,20857,2025-12-11 10:43:24
BCL_ANCRDT_T1_REF_v1_0_8.html,4422181,2025-12-11 10:43:21
BCL_ANCRDT_T1_REF_v1_0_8.xsd,64711,2025-12-11 10:43:21
BCL_ANCRDT_T1_REF_v1_0_8_p1.png,30533,2025-12-11 10:43:21
BCL_ANCRDT_T1_REF_v1_0_8_p2.png,2802,2025-12-11 10:43:21
BCL_ANCRDT_T1_REF_v1_0_8_p3.png,138519,2025-12-11 10:43:21
BCL_ANCRDT_T1_REF_v1_0_8_p4.png,30741,2025-12-11 10:43:21
BCL_ANCRDT_T1_REF_v1_0_8_p5.png,2802,2025-12-11 10:43:21
BCL_ANCRDT_T1_REF_v1_0_8_p6.png,18141,2025-12-11 10:43:21
BCL_ANCRDT_T1_REF_v1_0_8_p7.png,147964,2025-12-11 10:43:21
BCL_ANCRDT_T1_REF_v1_0_8_p8.png,20857,2025-12-11 10:43:21
BCL_ANCRDT_T1_REF_v1_0_9.html,4506320,2025-12-11 10:43:19
BCL_ANCRDT_T1_REF_v1_0_9.xsd,64716,2025-12-11 10:43:19
BCL_ANCRDT_T1_REF_v1_0_9_p1.png,30533,2025-12-11 10:43:19
BCL_ANCRDT_T1_REF_v1_0_9_p2.png,2802,2025-12-11 10:43:19
BCL_ANCRDT_T1_REF_v1_0_9_p3.png,138519,2025-12-11 10:43:19
BCL_ANCRDT_T1_REF_v1_0_9_p4.png,30741,2025-12-11 10:43:19
BCL_ANCRDT_T1_REF_v1_0_9_p5.png,2802,2025-12-11 10:43:19
BCL_ANCRDT_T1_REF_v1_0_9_p6.png,18141,2025-12-11 10:43:19
BCL_ANCRDT_T1_REF_v1_0_9_p7.png,147964,2025-12-11 10:43:19
BCL_ANCRDT_T1_REF_v1_0_9_p8.png,20857,2025-12-11 10:43:19
BCL_ANCRDT_T2M_v1_0_10.html,1813483,2025-12-11 10:43:17
BCL_ANCRDT_T2M_v1_0_10.xsd,23892,2025-12-11 10:43:17
BCL_ANCRDT_T2M_v1_0_10_p1.png,31906,2025-12-11 10:43:17
BCL_ANCRDT_T2M_v1_0_10_p10.png,33322,2025-12-11 10:43:17
BCL_ANCRDT_T2M_v1_0_10_p11.png,2802,2025-12-11 10:43:17
BCL_ANCRDT_T2M_v1_0_10_p12.png,20282,2025-12-11 10:43:17
BCL_ANCRDT_T2M_v1_0_10_p13.png,32085,2025-12-11 10:43:17
BCL_ANCRDT_T2M_v1_0_10_p14.png,2802,2025-12-11 10:43:17
BCL_ANCRDT_T2M_v1_0_10_p15.png,26020,2025-12-11 10:43:17
BCL_ANCRDT_T2M_v1_0_10_p16.png,19568,2025-12-11 10:43:17
BCL_ANCRDT_T2M_v1_0_10_p17.png,18841,2025-12-11 10:43:17
BCL_ANCRDT_T2M_v1_0_10_p18.png,20859,2025-12-11 10:43:17
BCL_ANCRDT_T2M_v1_0_10_p19.png,22363,2025-12-11 10:43:17
BCL_ANCRDT_T2M_v1_0_10_p2.png,2802,2025-12-11 10:43:17
BCL_ANCRDT_T2M_v1_0_10_p20.png,29887,2025-12-11 10:43:17
BCL_ANCRDT_T2M_v1_0_10_p3.png,16863,2025-12-11 10:43:17
BCL_ANCRDT_T2M_v1_0_10_p4.png,31907,2025-12-11 10:43:17
BCL_ANCRDT_T2M_v1_0_10_p5.png,2802,2025-12-11 10:43:17
BCL_ANCRDT_T2M_v1_0_10_p6.png,16252,2025-12-11 10:43:17
BCL_ANCRDT_T2M_v1_0_10_p7.png,30523,2025-12-11 10:43:17
BCL_ANCRDT_T2M_v1_0_10_p8.png,2802,2025-12-11 10:43:17
BCL_ANCRDT_T2M_v1_0_10_p9.png,18654,2025-12-11 10:43:17
BCL_ANCRDT_T2M_v1_0_11.html,1711635,2025-12-11 10:43:15
BCL_ANCRDT_T2M_v1_0_11.xsd,23888,2025-12-11 10:43:15
BCL_ANCRDT_T2M_v1_0_11_p1.png,31908,2025-12-11 10:43:15
BCL_ANCRDT_T2M_v1_0_11_p10.png,33325,2025-12-11 10:43:15
BCL_ANCRDT_T2M_v1_0_11_p11.png,2853,2025-12-11 10:43:15
BCL_ANCRDT_T2M_v1_0_11_p12.png,19327,2025-12-11 10:43:15
BCL_ANCRDT_T2M_v1_0_11_p13.png,32092,2025-12-11 10:43:15
BCL_ANCRDT_T2M_v1_0_11_p14.png,2853,2025-12-11 10:43:15
BCL_ANCRDT_T2M_v1_0_11_p15.png,26238,2025-12-11 10:43:15
BCL_ANCRDT_T2M_v1_0_11_p16.png,19600,2025-12-11 10:43:15
BCL_ANCRDT_T2M_v1_0_11_p17.png,18812,2025-12-11 10:43:15
BCL_ANCRDT_T2M_v1_0_11_p18.png,20881,2025-12-11 10:43:15
BCL_ANCRDT_T2M_v1_0_11_p19.png,22392,2025-12-11 10:43:15
BCL_ANCRDT_T2M_v1_0_11_p2.png,2853,2025-12-11 10:43:15
BCL_ANCRDT_T2M_v1_0_11_p20.png,30860,2025-12-11 10:43:15
BCL_ANCRDT_T2M_v1_0_11_p3.png,16816,2025-12-11 10:43:15
BCL_ANCRDT_T2M_v1_0_11_p4.png,31917,2025-12-11 10:43:15
BCL_ANCRDT_T2M_v1_0_11_p5.png,2853,2025-12-11 10:43:15
BCL_ANCRDT_T2M_v1_0_11_p6.png,16241,2025-12-11 10:43:15
BCL_ANCRDT_T2M_v1_0_11_p7.png,30531,2025-12-11 10:43:15
BCL_ANCRDT_T2M_v1_0_11_p8.png,2853,2025-12-11 10:43:15
BCL_ANCRDT_T2M_v1_0_11_p9.png,18674,2025-12-11 10:43:15
BCL_ANCRDT_T2M_v1_0_12.html,1710963,2025-12-11 10:43:11
BCL_ANCRDT_T2M_v1_0_12.xsd,23888,2025-12-11 10:43:11
BCL_ANCRDT_T2M_v1_0_12_p1.png,31908,2025-12-11 10:43:11
BCL_ANCRDT_T2M_v1_0_12_p10.png,33325,2025-12-11 10:43:11
BCL_ANCRDT_T2M_v1_0_12_p11.png,2853,2025-12-11 10:43:11
BCL_ANCRDT_T2M_v1_0_12_p12.png,19327,2025-12-11 10:43:11
BCL_ANCRDT_T2M_v1_0_12_p13.png,32092,2025-12-11 10:43:11
BCL_ANCRDT_T2M_v1_0_12_p14.png,2853,2025-12-11 10:43:11
BCL_ANCRDT_T2M_v1_0_12_p15.png,26238,2025-12-11 10:43:11
BCL_ANCRDT_T2M_v1_0_12_p16.png,19600,2025-12-11 10:43:11
BCL_ANCRDT_T2M_v1_0_12_p17.png,18812,2025-12-11 10:43:11
BCL_ANCRDT_T2M_v1_0_12_p18.png,20881,2025-12-11 10:43:11
BCL_ANCRDT_T2M_v1_0_12_p19.png,22392,2025-12-11 10:43:11
BCL_ANCRDT_T2M_v1_0_12_p2.png,2853,2025-12-11 10:43:11
BCL_ANCRDT_T2M_v1_0_12_p20.png,30860,2025-12-11 10:43:11
BCL_ANCRDT_T2M_v1_0_12_p3.png,16816,2025-12-11 10:43:11
BCL_ANCRDT_T2M_v1_0_12_p4.png,31917,2025-12-11 10:43:11
BCL_ANCRDT_T2M_v1_0_12_p5.png,2853,2025-12-11 10:43:11
BCL_ANCRDT_T2M_v1_0_12_p6.png,16241,2025-12-11 10:43:11
BCL_ANCRDT_T2M_v1_0_12_p7.png,30531,2025-12-11 10:43:11
BCL_ANCRDT_T2M_v1_0_12_p8.png,2853,2025-12-11 10:43:11
BCL_ANCRDT_T2M_v1_0_12_p9.png,18674,2025-12-11 10:43:11
BCL_ANCRDT_T2M_v1_0_13.html,1710963,2025-12-11 10:43:09
BCL_ANCRDT_T2M_v1_0_13.xsd,23888,2025-12-11 10:43:09
BCL_ANCRDT_T2M_v1_0_13_p1.png,31908,2025-12-11 10:43:09
BCL_ANCRDT_T2M_v1_0_13_p10.png,33325,2025-12-11 10:43:09
BCL_ANCRDT_T2M_v1_0_13_p11.png,2853,2025-12-11 10:43:09
BCL_ANCRDT_T2M_v1_0_13_p12.png,19327,2025-12-11 10:43:09
BCL_ANCRDT_T2M_v1_0_13_p13.png,32092,2025-12-11 10:43:09
BCL_ANCRDT_T2M_v1_0_13_p14.png,2853,2025-12-11 10:43:09
BCL_ANCRDT_T2M_v1_0_13_p15.png,26238,2025-12-11 10:43:09
BCL_ANCRDT_T2M_v1_0_13_p16.png,19600,2025-12-11 10:43:09
BCL_ANCRDT_T2M_v1_0_13_p17.png,18812,2025-12-11 10:43:09
BCL_ANCRDT_T2M_v1_0_13_p18.png,20881,2025-12-11 10:43:09
BCL_ANCRDT_T2M_v1_0_13_p19.png,22392,2025-12-11 10:43:09
BCL_ANCRDT_T2M_v1_0_13_p2.png,2853,2025-12-11 10:43:09
BCL_ANCRDT_T2M_v1_0_13_p20.png,30860,2025-12-11 10:43:09
BCL_ANCRDT_T2M_v1_0_13_p3.png,16816,2025-12-11 10:43:09
BCL_ANCRDT_T2M_v1_0_13_p4.png,31917,2025-12-11 10:43:09
BCL_ANCRDT_T2M_v1_0_13_p5.png,2853,2025-12-11 10:43:09
BCL_ANCRDT_T2M_v1_0_13_p6.png,16241,2025-12-11 10:43:09
BCL_ANCRDT_T2M_v1_0_13_p7.png,30531,2025-12-11 10:43:09
BCL_ANCRDT_T2M_v1_0_13_p8.png,2853,2025-12-11 10:43:09
BCL_ANCRDT_T2M_v1_0_13_p9.png,18674,2025-12-11 10:43:09
BCL_ANCRDT_T2M_v1_0_7.html,1813428,2025-12-11 10:43:24
BCL_ANCRDT_T2M_v1_0_7.xsd,23878,2025-12-11 10:43:24
BCL_ANCRDT_T2M_v1_0_7_p1.png,31906,2025-12-11 10:43:24
BCL_ANCRDT_T2M_v1_0_7_p10.png,33322,2025-12-11 10:43:24
BCL_ANCRDT_T2M_v1_0_7_p11.png,2802,2025-12-11 10:43:24
BCL_ANCRDT_T2M_v1_0_7_p12.png,20282,2025-12-11 10:43:24
BCL_ANCRDT_T2M_v1_0_7_p13.png,32085,2025-12-11 10:43:24
BCL_ANCRDT_T2M_v1_0_7_p14.png,2802,2025-12-11 10:43:24
BCL_ANCRDT_T2M_v1_0_7_p15.png,26020,2025-12-11 10:43:24
BCL_ANCRDT_T2M_v1_0_7_p16.png,19568,2025-12-11 10:43:24
BCL_ANCRDT_T2M_v1_0_7_p17.png,18841,2025-12-11 10:43:24
BCL_ANCRDT_T2M_v1_0_7_p18.png,20859,2025-12-11 10:43:24
BCL_ANCRDT_T2M_v1_0_7_p19.png,22363,2025-12-11 10:43:24
BCL_ANCRDT_T2M_v1_0_7_p2.png,2802,2025-12-11 10:43:24
BCL_ANCRDT_T2M_v1_0_7_p20.png,29887,2025-12-11 10:43:24
BCL_ANCRDT_T2M_v1_0_7_p3.png,16863,2025-12-11 10:43:24
BCL_ANCRDT_T2M_v1_0_7_p4.png,31907,2025-12-11 10:43:24
BCL_ANCRDT_T2M_v1_0_7_p5.png,2802,2025-12-11 10:43:24
BCL_ANCRDT_T2M_v1_0_7_p6.png,16252,2025-12-11 10:43:24
BCL_ANCRDT_T2M_v1_0_7_p7.png,30523,2025-12-11 10:43:24
BCL_ANCRDT_T2M_v1_0_7_p8.png,2802,2025-12-11 10:43:24
BCL_ANCRDT_T2M_v1_0_7_p9.png,18654,2025-12-11 10:43:24
BCL_ANCRDT_T2M_v1_0_8.html,1813428,2025-12-11 10:43:21
BCL_ANCRDT_T2M_v1_0_8.xsd,23878,2025-12-11 10:43:21
BCL_ANCRDT_T2M_v1_0_8_p1.png,31906,2025-12-11 10:43:21
BCL_ANCRDT_T2M_v1_0_8_p10.png,33322,2025-12-11 10:43:21
BCL_ANCRDT_T2M_v1_0_8_p11.png,2802,2025-12-11 10:43:21
BCL_ANCRDT_T2M_v1_0_8_p12.png,20282,2025-12-11 10:43:21
BCL_ANCRDT_T2M_v1_0_8_p13.png,32085,2025-12-11 10:43:21
BCL_ANCRDT_T2M_v1_0_8_p14.png,2802,2025-12-11 10:43:21
BCL_ANCRDT_T2M_v1_0_8_p15.png,26020,2025-12-11 10:43:21
BCL_ANCRDT_T2M_v1_0_8_p16.png,19568,2025-12-11 10:43:21
BCL_ANCRDT_T2M_v1_0_8_p17.png,18841,2025-12-11 10:43:21
BCL_ANCRDT_T2M_v1_0_8_p18.png,20859,2025-12-11 10:43:21
BCL_ANCRDT_T2M_v1_0_8_p19.png,22363,2025-12-11 10:43:21
BCL_ANCRDT_T2M_v1_0_8_p2.png,2802,2025-12-11 10:43:21
BCL_ANCRDT_T2M_v1_0_8_p20.png,29887,2025-12-11 10:43:21
BCL_ANCRDT_T2M_v1_0_8_p3.png,16863,2025-12-11 10:43:21
BCL_ANCRDT_T2M_v1_0_8_p4.png,31907,2025-12-11 10:43:21
BCL_ANCRDT_T2M_v1_0_8_p5.png,2802,2025-12-11 10:43:21
BCL_ANCRDT_T2M_v1_0_8_p6.png,16252,2025-12-11 10:43:21
BCL_ANCRDT_T2M_v1_0_8_p7.png,30523,2025-12-11 10:43:21
BCL_ANCRDT_T2M_v1_0_8_p8.png,2802,2025-12-11 10:43:21
BCL_ANCRDT_T2M_v1_0_8_p9.png,18654,2025-12-11 10:43:21
BCL_ANCRDT_T2M_v1_0_9.html,1813428,2025-12-11 10:43:19
BCL_ANCRDT_T2M_v1_0_9.xsd,23878,2025-12-11 10:43:19
BCL_ANCRDT_T2M_v1_0_9_p1.png,31906,2025-12-11 10:43:19
BCL_ANCRDT_T2M_v1_0_9_p10.png,33322,2025-12-11 10:43:19
BCL_ANCRDT_T2M_v1_0_9_p11.png,2802,2025-12-11 10:43:19
BCL_ANCRDT_T2M_v1_0_9_p12.png,20282,2025-12-11 10:43:19
BCL_ANCRDT_T2M_v1_0_9_p13.png,32085,2025-12-11 10:43:19
BCL_ANCRDT_T2M_v1_0_9_p14.png,2802,2025-12-11 10:43:19
BCL_ANCRDT_T2M_v1_0_9_p15.png,26020,2025-12-11 10:43:19
BCL_ANCRDT_T2M_v1_0_9_p16.png,19568,2025-12-11 10:43:19
BCL_ANCRDT_T2M_v1_0_9_p17.png,18841,2025-12-11 10:43:19
BCL_ANCRDT_T2M_v1_0_9_p18.png,20859,2025-12-11 10:43:19
BCL_ANCRDT_T2M_v1_0_9_p19.png,22363,2025-12-11 10:43:19
BCL_ANCRDT_T2M_v1_0_9_p2.png,2802,2025-12-11 10:43:19
BCL_ANCRDT_T2M_v1_0_9_p20.png,29887,2025-12-11 10:43:19
BCL_ANCRDT_T2M_v1_0_9_p3.png,16863,2025-12-11 10:43:19
BCL_ANCRDT_T2M_v1_0_9_p4.png,31907,2025-12-11 10:43:19
BCL_ANCRDT_T2M_v1_0_9_p5.png,2802,2025-12-11 10:43:19
BCL_ANCRDT_T2M_v1_0_9_p6.png,16252,2025-12-11 10:43:19
BCL_ANCRDT_T2M_v1_0_9_p7.png,30523,2025-12-11 10:43:19
BCL_ANCRDT_T2M_v1_0_9_p8.png,2802,2025-12-11 10:43:19
BCL_ANCRDT_T2M_v1_0_9_p9.png,18654,2025-12-11 10:43:19
BCL_ANCRDT_T2Q_v1_0_10.html,520502,2025-12-11 10:43:17
BCL_ANCRDT_T2Q_v1_0_10.xsd,17230,2025-12-11 10:43:17
BCL_ANCRDT_T2Q_v1_0_10_p1.png,31405,2025-12-11 10:43:17
BCL_ANCRDT_T2Q_v1_0_10_p2.png,2802,2025-12-11 10:43:17
BCL_ANCRDT_T2Q_v1_0_10_p3.png,33310,2025-12-11 10:43:17
BCL_ANCRDT_T2Q_v1_0_10_p4.png,30523,2025-12-11 10:43:17
BCL_ANCRDT_T2Q_v1_0_10_p5.png,2802,2025-12-11 10:43:17
BCL_ANCRDT_T2Q_v1_0_10_p6.png,18654,2025-12-11 10:43:17
BCL_ANCRDT_T2Q_v1_0_10_p7.png,37503,2025-12-11 10:43:17
BCL_ANCRDT_T2Q_v1_0_10_p8.png,20859,2025-12-11 10:43:17
BCL_ANCRDT_T2Q_v1_0_11.html,520502,2025-12-11 10:43:15
BCL_ANCRDT_T2Q_v1_0_11.xsd,17230,2025-12-11 10:43:15
BCL_ANCRDT_T2Q_v1_0_11_p1.png,31422,2025-12-11 10:43:15
BCL_ANCRDT_T2Q_v1_0_11_p2.png,2853,2025-12-11 10:43:15
BCL_ANCRDT_T2Q_v1_0_11_p3.png,33655,2025-12-11 10:43:15
BCL_ANCRDT_T2Q_v1_0_11_p4.png,30531,2025-12-11 10:43:15
BCL_ANCRDT_T2Q_v1_0_11_p5.png,2853,2025-12-11 10:43:15
BCL_ANCRDT_T2Q_v1_0_11_p6.png,18674,2025-12-11 10:43:15
BCL_ANCRDT_T2Q_v1_0_11_p7.png,37538,2025-12-11 10:43:15
BCL_ANCRDT_T2Q_v1_0_11_p8.png,20881,2025-12-11 10:43:15
BCL_ANCRDT_T2Q_v1_0_12.html,520502,2025-12-11 10:43:11
BCL_ANCRDT_T2Q_v1_0_12.xsd,17230,2025-12-11 10:43:11
BCL_ANCRDT_T2Q_v1_0_12_p1.png,31422,2025-12-11 10:43:11
BCL_ANCRDT_T2Q_v1_0_12_p2.png,2853,2025-12-11 10:43:11
BCL_ANCRDT_T2Q_v1_0_12_p3.png,33655,2025-12-11 10:43:11
BCL_ANCRDT_T2Q_v1_0_12_p4.png,30531,2025-12-11 10:43:11
BCL_ANCRDT_T2Q_v1_0_12_p5.png,2853,2025-12-11 10:43:11
BCL_ANCRDT_T2Q_v1_0_12_p6.png,18674,2025-12-11 10:43:11
BCL_ANCRDT_T2Q_v1_0_12_p7.png,37538,2025-12-11 10:43:11
BCL_ANCRDT_T2Q_v1_0_12_p8.png,20881,2025-12-11 10:43:11
BCL_ANCRDT_T2Q_v1_0_13.html,521126,2025-12-11 10:43:09
BCL_ANCRDT_T2Q_v1_0_13.xsd,17222,2025-12-11 10:43:09
BCL_ANCRDT_T2Q_v1_0_13_p1.png,31422,2025-12-11 10:43:09
BCL_ANCRDT_T2Q_v1_0_13_p2.png,2853,2025-12-11 10:43:09
BCL_ANCRDT_T2Q_v1_0_13_p3.png,33655,2025-12-11 10:43:09
BCL_ANCRDT_T2Q_v1_0_13_p4.png,30531,2025-12-11 10:43:09
BCL_ANCRDT_T2Q_v1_0_13_p5.png,2853,2025-12-11 10:43:09
BCL_ANCRDT_T2Q_v1_0_13_p6.png,18674,2025-12-11 10:43:09
BCL_ANCRDT_T2Q_v1_0_13_p7.png,37538,2025-12-11 10:43:09
BCL_ANCRDT_T2Q_v1_0_13_p8.png,20881,2025-12-11 10:43:09
BCL_ANCRDT_T2Q_v1_0_7.html,519853,2025-12-11 10:43:24
BCL_ANCRDT_T2Q_v1_0_7.xsd,17224,2025-12-11 10:43:24
BCL_ANCRDT_T2Q_v1_0_7_p1.png,31405,2025-12-11 10:43:24
BCL_ANCRDT_T2Q_v1_0_7_p2.png,2802,2025-12-11 10:43:24
BCL_ANCRDT_T2Q_v1_0_7_p3.png,33310,2025-12-11 10:43:24
BCL_ANCRDT_T2Q_v1_0_7_p4.png,30523,2025-12-11 10:43:24
BCL_ANCRDT_T2Q_v1_0_7_p5.png,2802,2025-12-11 10:43:24
BCL_ANCRDT_T2Q_v1_0_7_p6.png,18654,2025-12-11 10:43:24
BCL_ANCRDT_T2Q_v1_0_7_p7.png,37503,2025-12-11 10:43:24
BCL_ANCRDT_T2Q_v1_0_7_p8.png,20859,2025-12-11 10:43:24
BCL_ANCRDT_T2Q_v1_0_8.html,519853,2025-12-11 10:43:21
BCL_ANCRDT_T2Q_v1_0_8.xsd,17224,2025-12-11 10:43:21
BCL_ANCRDT_T2Q_v1_0_8_p1.png,31405,2025-12-11 10:43:21
BCL_ANCRDT_T2Q_v1_0_8_p2.png,2802,2025-12-11 10:43:21
BCL_ANCRDT_T2Q_v1_0_8_p3.png,33310,2025-12-11 10:43:21
BCL_ANCRDT_T2Q_v1_0_8_p4.png,30523,2025-12-11 10:43:21
BCL_ANCRDT_T2Q_v1_0_8_p5.png,2802,2025-12-11 10:43:21
BCL_ANCRDT_T2Q_v1_0_8_p6.png,18654,2025-12-11 10:43:21
BCL_ANCRDT_T2Q_v1_0_8_p7.png,37503,2025-12-11 10:43:21
BCL_ANCRDT_T2Q_v1_0_8_p8.png,20859,2025-12-11 10:43:21
BCL_ANCRDT_T2Q_v1_0_9.html,519853,2025-12-11 10:43:19
BCL_ANCRDT_T2Q_v1_0_9.xsd,17224,2025-12-11 10:43:19
BCL_ANCRDT_T2Q_v1_0_9_p1.png,31405,2025-12-11 10:43:19
BCL_ANCRDT_T2Q_v1_0_9_p2.png,2802,2025-12-11 10:43:19
BCL_ANCRDT_T2Q_v1_0_9_p3.png,33310,2025-12-11 10:43:19
BCL_ANCRDT_T2Q_v1_0_9_p4.png,30523,2025-12-11 10:43:19
BCL_ANCRDT_T2Q_v1_0_9_p5.png,2802,2025-12-11 10:43:19
BCL_ANCRDT_T2Q_v1_0_9_p6.png,18654,2025-12-11 10:43:19
BCL_ANCRDT_T2Q_v1_0_9_p7.png,37503,2025-12-11 10:43:19
BCL_ANCRDT_T2Q_v1_0_9_p8.png,20859,2025-12-11 10:43:19
BCL_LU_ANCRDT_C_CONSTRAINTS_v1_0_10.html,7564836,2025-12-11 10:43:17
BCL_LU_ANCRDT_C_CONSTRAINTS_v1_0_10.xsd,865672,2025-12-11 10:43:17
BCL_LU_ANCRDT_C_CONSTRAINTS_v1_0_11.html,4871507,2025-12-11 10:43:15
BCL_LU_ANCRDT_C_CONSTRAINTS_v1_0_11.xsd,573438,2025-12-11 10:43:15
BCL_LU_ANCRDT_C_CONSTRAINTS_v1_0_12.html,4882830,2025-12-11 10:43:11
BCL_LU_ANCRDT_C_CONSTRAINTS_v1_0_12.xsd,574715,2025-12-11 10:43:11
BCL_LU_ANCRDT_C_CONSTRAINTS_v1_0_13.html,4993791,2025-12-11 10:43:09
BCL_LU_ANCRDT_C_CONSTRAINTS_v1_0_13.xsd,456229,2025-12-11 10:43:09
BCL_LU_ANCRDT_C_CONSTRAINTS_v1_0_7.html,5189083,2025-12-11 10:43:24
BCL_LU_ANCRDT_C_CONSTRAINTS_v1_0_7.xsd,585872,2025-12-11 10:43:24
BCL_LU_ANCRDT_C_CONSTRAINTS_v1_0_8.html,5260643,2025-12-11 10:43:21
BCL_LU_ANCRDT_C_CONSTRAINTS_v1_0_8.xsd,594223,2025-12-11 10:43:21
BCL_LU_ANCRDT_C_CONSTRAINTS_v1_0_9.html,5260643,2025-12-11 10:43:19
BCL_LU_ANCRDT_C_CONSTRAINTS_v1_0_9.xsd,594223,2025-12-11 10:43:19
BCL_LU_ANCRDT_C_FORMATS_v1_0_10.html,123219,2025-12-11 10:43:17
BCL_LU_ANCRDT_C_FORMATS_v1_0_10.xsd,5557,2025-12-11 10:43:17
BCL_LU_ANCRDT_C_FORMATS_v1_0_11.html,65371,2025-12-11 10:43:15
BCL_LU_ANCRDT_C_FORMATS_v1_0_11.xsd,2924,2025-12-11 10:43:15
BCL_LU_ANCRDT_C_FORMATS_v1_0_12.html,60946,2025-12-11 10:43:11
BCL_LU_ANCRDT_C_FORMATS_v1_0_12.xsd,2732,2025-12-11 10:43:11
BCL_LU_ANCRDT_C_FORMATS_v1_0_13.html,60946,2025-12-11 10:43:09
BCL_LU_ANCRDT_C_FORMATS_v1_0_13.xsd,2732,2025-12-11 10:43:09
BCL_LU_ANCRDT_C_FORMATS_v1_0_7.html,43263,2025-12-11 10:43:24
BCL_LU_ANCRDT_C_FORMATS_v1_0_7.xsd,1980,2025-12-11 10:43:24
BCL_LU_ANCRDT_C_FORMATS_v1_0_8.html,52059,2025-12-11 10:43:21
BCL_LU_ANCRDT_C_FORMATS_v1_0_8.xsd,2337,2025-12-11 10:43:21
BCL_LU_ANCRDT_C_FORMATS_v1_0_9.html,52059,2025-12-11 10:43:19
BCL_LU_ANCRDT_C_FORMATS_v1_0_9.xsd,2337,2025-12-11 10:43:19
ECB_LU_ANCRDT_C_CONSTRAINTS_v1_0_10.html,1649865,2025-12-11 10:43:17
ECB_LU_ANCRDT_C_CONSTRAINTS_v1_0_10.xsd,171484,2025-12-11 10:43:17
ECB_LU_ANCRDT_C_CONSTRAINTS_v1_0_11.html,4101337,2025-12-11 10:43:15
ECB_LU_ANCRDT_C_CONSTRAINTS_v1_0_11.xsd,438010,2025-12-11 10:43:15
ECB_LU_ANCRDT_C_CONSTRAINTS_v1_0_12.html,4099278,2025-12-11 10:43:11
ECB_LU_ANCRDT_C_CONSTRAINTS_v1_0_12.xsd,437782,2025-12-11 10:43:11
ECB_LU_ANCRDT_C_CONSTRAINTS_v1_0_13.html,4105459,2025-12-11 10:43:09
ECB_LU_ANCRDT_C_CONSTRAINTS_v1_0_13.xsd,438465,2025-12-11 10:43:09
ECB_LU_ANCRDT_C_CONSTRAINTS_v1_0_7.html,3686479,2025-12-11 10:43:24
ECB_LU_ANCRDT_C_CONSTRAINTS_v1_0_7.xsd,408616,2025-12-11 10:43:24
ECB_LU_ANCRDT_C_CONSTRAINTS_v1_0_8.html,3686479,2025-12-11 10:43:21
ECB_LU_ANCRDT_C_CONSTRAINTS_v1_0_8.xsd,408616,2025-12-11 10:43:21
ECB_LU_ANCRDT_C_CONSTRAINTS_v1_0_9.html,3939077,2025-12-11 10:43:19
ECB_LU_ANCRDT_C_CONSTRAINTS_v1_0_9.xsd,438483,2025-12-11 10:43:19
ECB_LU_ANCRDT_C_FORMATS_v1_0_10.html,401861,2025-12-11 10:43:17
ECB_LU_ANCRDT_C_FORMATS_v1_0_10.xsd,16642,2025-12-11 10:43:17
ECB_LU_ANCRDT_C_FORMATS_v1_0_11.html,542978,2025-12-11 10:43:15
ECB_LU_ANCRDT_C_FORMATS_v1_0_11.xsd,22558,2025-12-11 10:43:15
ECB_LU_ANCRDT_C_FORMATS_v1_0_12.html,565013,2025-12-11 10:43:11
ECB_LU_ANCRDT_C_FORMATS_v1_0_12.xsd,23475,2025-12-11 10:43:11
ECB_LU_ANCRDT_C_FORMATS_v1_0_13.html,569468,2025-12-11 10:43:09
ECB_LU_ANCRDT_C_FORMATS_v1_0_13.xsd,23688,2025-12-11 10:43:09
ECB_LU_ANCRDT_C_FORMATS_v1_0_7.html,388570,2025-12-11 10:43:24
ECB_LU_ANCRDT_C_FORMATS_v1_0_7.xsd,16102,2025-12-11 10:43:24
ECB_LU_ANCRDT_C_FORMATS_v1_0_8.html,463703,2025-12-11 10:43:21
ECB_LU_ANCRDT_C_FORMATS_v1_0_8.xsd,19308,2025-12-11 10:43:21
ECB_LU_ANCRDT_C_FORMATS_v1_0_9.html,463718,2025-12-11 10:43:19
ECB_LU_ANCRDT_C_FORMATS_v1_0_9.xsd,19313,2025-12-11 10:43:19
LU_ANCRDT_C_ANCRDT_LGL_FRM_SUBDOMAIN_DIFF_CODES_ONLY_v1_0_9_v1_0_10.xlsx,11752,2025-12-11 10:43:17
LU_ANCRDT_C_CUBE_STRUCTURES_DIFF_v1_0_10_v1_0_11.xlsx,19381,2025-12-11 10:43:15
LU_ANCRDT_C_CUBE_STRUCTURES_DIFF_v1_0_11_v1_0_12.xlsx,15456,2025-12-11 10:43:11
LU_ANCRDT_C_CUBE_STRUCTURES_DIFF_v1_0_12_v1_0_13.xlsx,15657,2025-12-11 10:43:09
LU_ANCRDT_C_CUBE_STRUCTURES_DIFF_v1_0_6_v1_0_7.xlsx,10173,2025-12-11 10:43:24
LU_ANCRDT_C_CUBE_STRUCTURES_DIFF_v1_0_7_v1_0_8.xlsx,15247,2025-12-11 10:43:21
LU_ANCRDT_C_CUBE_STRUCTURES_DIFF_v1_0_8_v1_0_9.xlsx,11547,2025-12-11 10:43:19
LU_ANCRDT_C_CUBE_STRUCTURES_DIFF_v1_0_9_v1_0_10.xlsx,16788,2025-12-11 10:43:17
LU_ANCRDT_C_CUBE_STRUCTURES_v1_0_10.xlsx,50335,2025-12-11 10:43:17
LU_ANCRDT_C_CUBE_STRUCTURES_v1_0_11.xlsx,55707,2025-12-11 10:43:15
LU_ANCRDT_C_CUBE_STRUCTURES_v1_0_12.xlsx,56188,2025-12-11 10:43:11
LU_ANCRDT_C_CUBE_STRUCTURES_v1_0_13.xlsx,56427,2025-12-11 10:43:09
LU_ANCRDT_C_CUBE_STRUCTURES_v1_0_7.xlsx,48087,2025-12-11 10:43:24
LU_ANCRDT_C_CUBE_STRUCTURES_v1_0_8.xlsx,50558,2025-12-11 10:43:21
LU_ANCRDT_C_CUBE_STRUCTURES_v1_0_9.xlsx,50449,2025-12-11 10:43:19
LU_ANCRDT_C_FACETS_DIFF_v1_0_10_v1_0_11.xlsx,11560,2025-12-11 10:43:15
LU_ANCRDT_C_FACETS_DIFF_v1_0_11_v1_0_12.xlsx,11264,2025-12-11 10:43:11
LU_ANCRDT_C_FACETS_DIFF_v1_0_12_v1_0_13.xlsx,10719,2025-12-11 10:43:09
LU_ANCRDT_C_FACETS_DIFF_v1_0_6_v1_0_7.xlsx,9116,2025-12-11 10:43:24
LU_ANCRDT_C_FACETS_DIFF_v1_0_7_v1_0_8.xlsx,9839,2025-12-11 10:43:21
LU_ANCRDT_C_FACETS_DIFF_v1_0_8_v1_0_9.xlsx,8702,2025-12-11 10:43:19
LU_ANCRDT_C_FACETS_DIFF_v1_0_9_v1_0_10.xlsx,10822,2025-12-11 10:43:17
LU_ANCRDT_C_FACETS_v1_0_10.xlsx,16379,2025-12-11 10:43:17
LU_ANCRDT_C_FACETS_v1_0_11.xlsx,16486,2025-12-11 10:43:15
LU_ANCRDT_C_FACETS_v1_0_12.xlsx,17305,2025-12-11 10:43:11
LU_ANCRDT_C_FACETS_v1_0_13.xlsx,17472,2025-12-11 10:43:09
LU_ANCRDT_C_FACETS_v1_0_7.xlsx,14758,2025-12-11 10:43:24
LU_ANCRDT_C_FACETS_v1_0_8.xlsx,16012,2025-12-11 10:43:21
LU_ANCRDT_C_FACETS_v1_0_9.xlsx,16048,2025-12-11 10:43:19
LU_ANCRDT_C_NUTS3_ANCRDT_CLLCTN_SUBDOMAIN_DIFF_CODES_ONLY_v1_0_10_v1_0_11.xlsx,14482,2025-12-11 10:43:15
LU_ANCRDT_C_SUBDOMAINS_DIFF_v1_0_10_v1_0_11.xlsx,112480,2025-12-11 10:43:15
LU_ANCRDT_C_SUBDOMAINS_DIFF_v1_0_11_v1_0_12.xlsx,16521,2025-12-11 10:43:11
LU_ANCRDT_C_SUBDOMAINS_DIFF_v1_0_12_v1_0_13.xlsx,97837,2025-12-11 10:43:09
LU_ANCRDT_C_SUBDOMAINS_DIFF_v1_0_6_v1_0_7.xlsx,12111,2025-12-11 10:43:24
LU_ANCRDT_C_SUBDOMAINS_DIFF_v1_0_7_v1_0_8.xlsx,13065,2025-12-11 10:43:21
LU_ANCRDT_C_SUBDOMAINS_DIFF_v1_0_8_v1_0_9.xlsx,18180,2025-12-11 10:43:19
LU_ANCRDT_C_SUBDOMAINS_DIFF_v1_0_9_v1_0_10.xlsx,111022,2025-12-11 10:43:17
LU_ANCRDT_C_SUBDOMAINS_v1_0_10.xlsx,181354,2025-12-11 10:43:17
LU_ANCRDT_C_SUBDOMAINS_v1_0_11.xlsx,185682,2025-12-11 10:43:15
LU_ANCRDT_C_SUBDOMAINS_v1_0_12.xlsx,186417,2025-12-11 10:43:11
LU_ANCRDT_C_SUBDOMAINS_v1_0_13.xlsx,190222,2025-12-11 10:43:09
LU_ANCRDT_C_SUBDOMAINS_v1_0_7.xlsx,175998,2025-12-11 10:43:24
LU_ANCRDT_C_SUBDOMAINS_v1_0_8.xlsx,176390,2025-12-11 10:43:21
LU_ANCRDT_C_SUBDOMAINS_v1_0_9.xlsx,180332,2025-12-11 10:43:19
metadata.py,1570,2025-12-11 10:51:59
Thumbs.db,23040,2025-12-11 10:43:15
~$AnaCredit_subdomains_v1_0_11.xlsx,165,2025-12-11 10:43:15
~$List_of_national_identifiers.xlsx,165,2025-12-11 10:43:15
~$LU_ANCRDT_C_CUBE_STRUCTURES_DIFF_v1_0_11_v1_0_12.xlsx,165,2025-12-11 10:43:09
~$LU_ANCRDT_C_CUBE_STRUCTURES_v1_0_12.xlsx,165,2025-12-11 10:43:11
~$LU_ANCRDT_C_FACETS_DIFF_v1_0_11_v1_0_12.xlsx,165,2025-12-11 10:43:11
~$LU_ANCRDT_C_FACETS_v1_0_12.xlsx,165,2025-12-11 10:43:11
~$LU_ANCRDT_C_SUBDOMAINS_DIFF_v1_0_10_v1_0_11.xlsx,165,2025-12-11 10:43:15
